feature,test,statistic,p_value,eta_squared,kruskal_H,kruskal_p
Age,ANOVA,76.1953732172763,3.24686190798776e-86,0.1801896742450293,531.4385513960619,1.414717560693368e-111
Height,ANOVA,37.437652898619874,2.5185012901802692e-43,0.09746740922099062,214.80014631345097,1.3360016201694927e-43
Weight,ANOVA,1926.5176106433682,0.0,0.8474973322106145,1798.601282184402,0.0
FCVC,ANOVA,110.4543069221941,3.7965071033877705e-121,0.24163036330408663,644.4953942340492,5.856637930133048e-136
NCP,ANOVA,26.774810691289748,7.132002165739622e-31,0.07169747420858973,239.98219017457575,5.6628624356936295e-49
CH2O,ANOVA,15.187240282164792,4.2972467432772723e-17,0.04197064061080414,89.05243615958956,4.7666342340519404e-17
FAF,ANOVA,18.176809442293845,1.155419657599511e-20,0.049820842724525895,93.68408859936002,5.194428860214089e-18
TUE,ANOVA,7.934931255890012,1.77238032713794e-08,0.022377031864427653,44.59984847947156,5.620102224218452e-08
BMI,ANOVA,9932.60190771749,0.0,0.96627516207422,2036.0889976280641,0.0
