k,inertia,silhouette,davies_bouldin,ARI_vs_true_class,NMI_vs_true_class
2,17058.62554041015,0.12818815821966262,2.4488819579012584,0.029608514862643508,0.044968840759076555
3,15347.027568915337,0.12872221439412776,2.133483298813083,0.07848295315800548,0.13061509070514685
4,13973.876589506574,0.1548134222829806,1.977204781672606,0.17947906124725932,0.24746627560537965
5,12997.45807182937,0.1428494881496721,1.9472905395236324,0.22170414809691658,0.294100517263844
6,12136.613847023396,0.1493588683951299,1.9017907804594196,0.25234850282553906,0.3154520927047305
7,11577.124910846689,0.13929300591703908,1.8027877720976662,0.16537442922181234,0.2802503371013107
8,11052.97512419168,0.14417324386488983,1.7926866065353066,0.16681979404645447,0.2844057328811371
9,10658.996245148104,0.14826167413681052,1.8222625875422078,0.17281717721391263,0.2991139297739821
10,10331.644404079636,0.15475155865285217,1.8861511866987968,0.17485697301321548,0.2959435017355052
