,Age,Height,Weight,FCVC,NCP,CH2O,FAF,TUE,BMI
Age,1.0,-0.009733331451323083,0.35029582200318965,0.05741446331251411,-0.11665955776564074,0.014222552477750946,-0.2129196615334301,-0.30611308240794494,0.3953084773226044
Height,-0.009733331451323083,1.0,0.456128518446145,-0.061979802894739554,0.18812426435535587,0.23444244408327958,0.32698764905207645,0.0689838694554566,0.12246027949644285
Weight,0.35029582200318965,0.456128518446145,1.0,0.2095755523714613,-0.011707696845235371,0.23041378565654802,-0.04928173509575601,-0.05996526026299651,0.9291835305457192
FCVC,0.05741446331251411,-0.061979802894739554,0.2095755523714613,1.0,0.08035145132014253,0.08045674286483014,0.03062215282594982,-0.09206018842523338,0.2640843620424073
NCP,-0.11665955776564074,0.18812426435535587,-0.011707696845235371,0.08035145132014253,1.0,0.08521608715117415,0.14419564794690817,0.06821091829104499,-0.06250511657774574
CH2O,0.014222552477750946,0.23444244408327958,0.23041378565654802,0.08045674286483014,0.08521608715117415,1.0,0.15160103305168401,0.03336304655321303,0.16025319109612765
FAF,-0.2129196615334301,0.32698764905207645,-0.04928173509575601,0.03062215282594982,0.14419564794690817,0.15160103305168401,1.0,0.051865091418655605,-0.17430398338766667
TUE,-0.30611308240794494,0.0689838694554566,-0.05996526026299651,-0.09206018842523338,0.06821091829104499,0.03336304655321303,0.051865091418655605,1.0,-0.08252956224523751
BMI,0.3953084773226044,0.12246027949644285,0.9291835305457192,0.2640843620424073,-0.06250511657774574,0.16025319109612765,-0.17430398338766667,-0.08252956224523751,1.0
